pH,Conductividad uS/cm,Solidos Disueltos Totales SDT mg/l ppm,DQO mg/l,DBO5 mg/l,Turbidez NTU
6.936350297118406,13.194309056095902,22.840632923085757,11.033634423372154,12.062477376718652,48.87131998138216
8.37678576602479,36.18359562802365,11.682799299900976,20.62709263136296,28.051058133591333,37.52674564408843
7.8299848545285125,23.945527280900414,13.232574281892276,20.81270243220213,20.105047448957144,21.666933140042943
7.4966462104925915,31.325686264258707,27.971083770541586,22.748598029964132,26.529149322154833,56.96565137948641
6.390046601106091,46.487526009191534,22.1285811931918,24.52182667445323,16.400992020612236,47.93118207877155
6.389986300840507,21.47310470765725,10.183941032332593,29.51704158925069,27.91046456992401,11.38318575414239
6.1452090304204985,27.59455107535393,12.029430857320643,20.326006966023904,17.784033574683264,63.76490291456897
8.165440364437337,40.71094326463585,23.270035382161115,16.45912945882492,10.216753029605968,57.57760700462183
7.502787529358022,20.694330288681655,10.101231676924375,25.90372389537407,28.107639528385274,66.48599393043469
7.770181444490113,14.925236573494134,13.216161028349973,15.416645025241484,11.825733535722671,50.8003655871852
6.051461235739506,23.010555210723183,20.974675787331723,18.779428414112722,16.3862727518083,42.93906371550529
8.424774630404986,18.126408915652167,23.837903953853864,11.569127626845319,29.0012393410161,29.27701254034332
8.081106602001054,47.32851078901778,23.03922519005201,10.50701486830915,29.012142938751122,65.29099383478093
6.5308477766956905,42.70857442344784,14.485386189211196,29.252968293558503,21.46875776246572,60.62447226502859
6.454562418017751,36.06934274739609,24.24358442695072,26.719602410244118,22.636744243395984,3.1653069074332585
6.458511274633585,45.11550242713327,14.744981749936002,23.91948412187396,18.968910439566393,1.8456882148076403
6.760605607398844,42.53953892216635,16.507993963185356,18.179058888285397,15.864215433961292,26.352435681463472
7.311891079080595,19.089662237669362,24.92982810236048,13.465886401416915,16.57329090739832,56.7387331547283
7.079862546605289,45.91724194261916,22.992657980944294,13.128740853421721,23.450369121540767,69.1093290520461
6.728072850495105,32.49500519279473,26.98446820988356,15.004857963291906,25.0474905887536,10.529182377246972
7.5296322368059485,42.68272589623437,23.15225784600687,20.984533294122407,25.83158087451697,41.58915007464946
6.348734651630105,46.051469397092745,21.36617206670943,24.291918454001248,25.792362855891078,26.662359964171507
6.730361621338045,24.084132048930826,11.87349535656185,23.203947534354626,11.824122060973806,67.89400784702222
6.9159046082342295,16.181973132051716,17.35431606118867,15.598677938918858,19.88840609405163,58.94832461949961
7.1401749605425895,20.661536176593785,15.304047353634509,29.09730561326388,11.151175200332887,58.68300932977965
7.962939903482534,28.23009596779774,14.87979286758167,24.75793833391537,20.990577646474712,32.80852118564792
6.499184455395899,43.08456110505474,29.460211095048912,21.087081050228015,18.83061002746754,29.03736516363656
7.285586096034029,44.70776216374105,17.861954493335208,22.234414924687044,27.754083655165996,19.138495035149436
7.481036422155106,12.264180960185247,27.840931103542268,18.3920012485558,17.018300251041573,3.946284765564898
6.116126031799994,31.408397497947497,22.622772519945258,14.954619790023148,12.341340328552118,60.53056633785373
7.518862129753596,27.861618119653603,25.896226070832967,17.119453573025233,12.859833641056717,56.90307063910543
6.426310309218229,20.440096797887747,20.052741862103844,25.15692220928738,25.230212634349446,69.98023713002914
6.162628982463199,16.554883958679945,21.53807769252718,10.287869772595117,22.364361266325222,69.76457859517338
8.372213843133334,24.829376513337863,19.850353876377277,12.321452810138325,12.022453522455805,38.88021939218392
8.414080082686398,47.83056874867573,13.90485975596089,10.920052840435055,11.682136122299948,53.82911906263573
8.020993370291153,24.2817114167887,24.44904230523011,10.814576046379402,24.0193826291824,66.13360109176996
6.761534422933426,31.71404362624791,15.615447248817116,27.109211680220145,11.455260127283871,59.4753173474188
6.244180285015959,38.714720438016755,10.486319328629076,24.073157187600472,26.437201185807126,17.314367122023835
7.710582566280392,25.81792489041317,22.909445918143355,19.483476581746505,24.124844543129925,31.538089471706545
7.100381234349003,48.92771914339651,13.542213588140978,11.95668321302003,11.626975612837995,9.041159060604649
6.305095587111947,48.57299720780023,28.809171687058285,19.832317502336647,11.69675428170384,66.78357190811056
7.237942275278176,21.567727241363837,29.078571540051747,19.469435415611315,29.732791570023508,42.432224411561606
6.085971302788046,30.895443223910647,28.29728780440897,13.464037398200304,17.485415915122406,16.00499638524239
8.273301005196956,23.43337577303725,17.403174005108887,18.67703298475946,17.412842941337818,47.01904790840997
6.646949954000043,22.823938786343767,10.309132330577349,17.97009468794747,26.25599134515005,43.26897683205271
7.656305710884955,13.401703999472247,28.566371251754507,22.31700196104433,28.944971547677174,25.071390262298834
6.779277690223528,35.16344469123608,18.563682966346285,22.701873017352874,29.720021276457416,7.949031453974031
7.300170052944527,31.101802882696738,29.333096380873393,10.90608019544089,25.067563705178834,47.01012369149597
7.366775698358199,13.956192547499596,29.272399541785056,17.492252292529425,17.525191710618316,36.421539063265534
6.462136138813817,22.588565640991234,27.060189109347203,22.517198314284727,11.670014333973375,54.06228742149475
8.423961569411397,46.514103666732844,15.888977841391714,20.062725171601755,25.542938318548735,36.41144507783954
7.937832058402787,21.103351845344953,17.701954572038506,27.129796823766444,21.1680849947161,59.65270502229781
8.348747353910472,17.506005139466478,27.022733430337137,23.173872632378902,18.484440184939526,38.633478714213986
8.237068376069121,30.599204890547394,16.338440103125553,13.258688541628594,28.12708770189472,39.265658007477036
7.494749947027713,49.45471725620283,13.38985493372185,11.411374948008596,12.223949646123026,61.36575218608415
8.304685587557792,21.198100317437017,21.136025249167005,22.84838556412631,19.852502085817182,28.243800634867792
6.221231255129799,37.541150801423385,28.72309548321562,10.530226210832437,10.227072895348382,9.381065991544851
6.489957156047863,40.94154538249127,23.92059593349946,21.715511625469265,19.373212839882527,2.014787341933728
6.113068222276345,21.030226671711187,21.4012234017873,28.80460482849915,11.126065513636746,52.85960789715333
6.8133258269081605,39.67222124725066,11.94352987541537,21.50948355751758,12.376358325361439,43.42166859474253
6.971693224223705,25.97575904333162,22.300144533983396,17.763398524130437,12.350524935542097,49.28558376694565
6.67837257943474,36.02762156255602,29.801077002085265,22.865764368847064,22.984206042321272,14.90749130562375
8.071843772879824,36.074129008914,12.80168030473048,19.165057809830333,24.920897585308467,9.546003291073884
6.891883316733973,32.35943799484082,20.366593047274733,20.9123357863187,21.667375301943192,1.018126596751735
6.702336274218452,15.431011262067516,27.547461438559107,28.8292961755305,29.243450969490837,24.54112911646179
7.356740207895621,43.74149483239104,24.815372355084087,17.722052756015486,17.49741159047408,41.29423807982432
6.352310562436907,24.18964246892596,23.94031481990536,29.223811276478283,15.714241725637216,27.457083156981263
8.0054924518851,19.08770339519446,24.049681679742186,28.107012839121275,27.371982563789206,30.623244541661034
6.186376609199427,13.549455379081028,17.189823024395103,13.915822695785929,14.471916770389052,63.29110861456239
8.467217341501293,34.45393184115319,15.871836885289866,11.387226017503309,29.264450788812226,24.377882691631026
7.930611923241644,37.74744575000673,26.187223109570272,12.015560027548533,10.243089493796326,35.979264241186755
6.496789203835431,12.630337499258534,26.202267893583617,10.364436513030995,29.39757653415278,54.855710891880015
6.013805292809006,31.459536215372676,27.341446371602075,11.888859215118568,10.863198239011522,27.757994762488913
8.038653571137086,20.606839457521644,28.264811051129428,23.660135468327137,27.822862273961423,43.54606901595115
7.767143359619043,36.516566035559094,20.226847977218757,11.42377296920458,20.554022181725998,60.36545961227216
7.822517920102468,18.625924302189674,20.030325893743992,16.379512605875227,29.859295922386007,66.46644365603495
7.928175866714865,38.25563404789371,25.965903579335503,26.89750621938909,11.475931294707976,10.295143665032656
6.185111629335226,26.695943159420423,22.999278615555305,10.465438714716518,21.077085688026415,64.86113376130461
6.896164321360682,47.595739571995914,24.03933754515407,26.289369651778717,29.38605071238198,34.44814051556767
6.289672648812824,17.225795877547743,25.91585338872202,15.637095495468,20.461956883402976,18.077107180927083
8.157758564688983,24.960521339909825,27.800106836351326,12.363296552433125,22.58797276270525,32.13950293667829
7.558245317068895,16.311993807142386,16.759903137030715,23.934743307283014,23.914973779692343,68.6022802699834
6.827245062131623,47.138357494585385,17.51165905279888,22.578856935597678,19.090821295355465,34.48326657950087
6.158895875715059,45.33889542847728,11.87963879681738,27.54944027054106,22.55116160168127,23.012612720125574
6.777455804289156,21.801781853175914,21.56560281992348,24.701420876077716,21.686286238462003,44.338059802170804
6.812958305066868,37.0793937492988,10.718845475934842,26.06961860769697,28.02316020981978,16.810193314473516
7.82401544584516,43.054443607646206,19.311960362649202,15.640691451426129,10.908927606829158,5.3104329676064745
7.593893678388033,33.09763084077957,20.85289269415153,13.548790875594456,15.619263791844606,9.021580533745446
8.218031856440817,32.12672197752825,15.730825042565687,25.012295032817168,29.008229681531176,8.963208727044071
7.180537312904873,21.19038705421716,21.816665211380215,26.13669478534528,27.805275677818326,10.633188545860605
6.298985614845754,15.53790517662417,10.610004998780989,29.810102840013467,19.11313505571426,9.717902085458709
7.783111968057487,46.094198802226416,10.746963774984287,18.25235353822853,22.402651956030734,44.86123213622502
7.901962621542244,46.21588617220656,26.452011213193167,17.440361715855666,15.547623659622653,12.731605907940137
7.40319299392374,36.05785537638418,17.20381282822526,25.528259214839935,13.762423194475225,24.196709832670425
7.927417949886403,24.883132059850624,12.541210253037695,16.816070805060356,19.273968098799642,62.77518869342083
7.234488990910977,25.269963835281114,20.444865201096086,28.615146512071295,17.067044560521055,33.177314818401065
7.306832073454985,39.5863157970691,25.399871061972217,27.168255036860238,21.67312223701744,46.7290416964719
7.068852545896374,46.09018987819793,14.316420549936863,18.579880547500366,11.554692739299696,12.062390984114089
6.063547816860238,45.70928412207446,22.457809516380003,25.017421355829946,29.48789615332333,13.460231316606954
6.269728567483261,41.63527074258971,11.70694929987536,25.090857481693646,29.72421488959206,2.8608031386535204
6.422337657680411,19.29095833931223,22.591153937834733,12.824470867462988,13.972632277237382,18.770026072834458
6.6964758475798964,24.28811936038979,11.086640696458076,21.417548336789523,25.667744399916767,22.09679368148462
6.442526210691867,20.612943284625544,24.972904682524,13.705407107666474,28.185053888739848,8.767586176734557
6.221756334392639,25.48985962161362,16.351735905222334,15.572861262300728,17.404643713691534,45.88569802922788
6.301589677751502,14.638106024351547,10.002693860089707,14.374196006471664,25.025578487475336,2.7857989134956784
7.151946920081814,31.724272054514273,20.222582784744596,13.656755597376343,27.93990578728822,41.83776348664213
6.515834296014481,14.569277416504166,10.937038170552063,26.51421903121334,26.92248421060463,60.87871193961437
6.910674652620188,42.413547297249735,15.52339115641799,15.714151353217806,13.656267770784519,62.35825038027435
7.258543177137142,20.881059112596454,24.139529749114324,28.542475637288987,29.125837630267227,31.43264322589732
7.725987071573414,32.5204527549714,11.253792432437317,29.398530506903818,17.53352880858925,32.151258174915164
6.098280349602748,45.44300532733541,26.78676984712005,21.42520939874195,16.784813223476725,5.3878428105612155
7.998525997272607,36.733340023793374,10.076398453171663,12.860022453314528,11.248626545555606,46.9535517810125
7.5697509737272695,32.252395888950744,14.936477384038046,17.490964867591625,19.723473082097662,57.48815942609919
6.20439757987218,24.324682618384273,24.81808112304143,25.95464526696428,12.180272312818573,17.125853822329912
8.183946560266943,24.65407269621152,16.325402994586135,17.34781457394141,14.97079641854852,29.491061714335526
8.302181001329533,37.44050429753122,12.03784776132027,11.740344366055774,16.33885243534563,58.718753573568925
6.15269489963716,49.77729572640437,17.20467837600856,21.13569821856376,26.176526469833682,61.398432736360164
6.6921941203680095,37.149889214276385,15.40786572769051,26.902417029920695,27.50977300791793,17.022598618495817
8.015503199482653,33.19576986006095,26.854238043211097,25.918527742870047,16.049326349229393,38.5399444178955
7.870649225959146,39.764719389091354,16.26695835170286,13.502462802607065,27.173962424891478,13.474520544507895
6.461302548390943,29.67781326678129,25.778649435520144,23.455292288249332,27.14461874739582,7.131513489768958
6.5233733083417755,14.285409018829839,27.837442896214696,14.410085268712942,25.29301900769747,63.778435097437026
6.926180256978455,33.36727900336057,18.67634839153059,14.364150691043445,12.93390228030363,57.43552529624764
7.211307462977553,48.38976081120445,28.19886287708784,27.481435466103704,23.80645693801458,53.20244312622217
7.54563692882574,18.661511809591065,17.546361079263857,14.993379054804603,28.900481291611374,3.4136423169198293
6.922284098924431,38.2201858511853,29.281568329802163,15.264946930360225,23.65080957534314,59.061015489718024
7.15633679033287,19.635480169044147,11.78579049051146,10.013067815225991,16.63233698215668,30.66308531337686
7.868677345334391,32.361452009977086,23.740385330064854,27.413380682510354,20.011586348616625,23.967658630710176
6.091708007226495,15.673705086575346,19.876280809138574,25.851896264182695,22.914500867021072,38.253345271776354
6.631092360860052,29.114095577811035,17.752976109112943,22.54657870181356,20.21140817457007,6.394726990648908
7.783373964711381,40.73420649801935,22.65423757497202,25.005315278776845,12.399058834619396,52.96525845466792
8.238017094217998,25.20771792108132,24.077141832686625,13.040971348489837,16.24128089304041,40.770455382180714
7.279193605289166,37.26664553051428,10.08726539300618,19.16647189175151,26.04792061107265,13.061306781121726
7.330283713163289,42.22709851000971,13.339061774943975,17.02438774697562,27.228360921910348,13.176253983833192
6.26793002834944,47.2327571402192,24.260921012686374,11.87553052514033,12.746000654311405,12.897405610087196
7.118530917058637,20.916399110507236,23.327708271564127,19.72260970429848,29.04773504797449,3.9901671286353793
7.331543166137558,27.174004800753707,29.320950102573544,28.414793006852708,16.576452356972187,41.145891456017935
6.6061762590868245,17.791808506555864,25.22075580501566,10.80118238101389,23.2462747746144,58.82437243119557
6.673108077373453,49.714373082018255,29.01545415462676,15.829218269875877,25.036502919133625,1.224874979117202
6.943210407761557,47.22603678112322,24.05081003069614,14.15081872411407,26.238924692757667,3.4303251479891483
6.050177994444316,32.518370950661264,15.961044172788863,14.762933073313926,28.914994044518604,40.093919368086205
6.8051979139579455,43.997265186304006,12.107298445017129,28.168691037587507,16.258390960576452,57.36469797702366
6.528620017491361,31.796403136337602,25.636477266898712,19.361381084685803,27.17012909103109,22.87172233980435
6.818743380444786,35.696256144104865,22.882984429518316,19.325988258796375,12.63373806872414,24.473007916540553
6.299405329548128,15.38672842040863,10.963720247865925,25.211512849105645,24.100818127071854,41.744254824774316
8.226318201849738,40.7002759788787,17.201009318019565,13.089844080098516,24.839554590279718,19.19490223869029
7.483981133885122,16.853112378138924,29.135996309685723,19.745307082001016,23.55446482402641,1.8625856254378892
7.697755797861224,43.39056994959608,20.008022914204027,18.599704282421193,15.04629472270306,51.46599626711173
7.972928096518346,41.71706733147467,18.654582720394092,21.93821381093312,27.460862940304068,43.795493905901715
7.2461054973226435,38.9322985142331,19.153992103185878,29.99115406500877,13.3771692674079,40.652919933896136
6.217300720218559,13.37409445994096,14.177654480103275,25.38897788164094,11.072695830416617,51.91788902942762
7.342766354546369,23.518877525922488,17.374143417295905,17.957314060348544,24.349299812238243,47.26615862934263
7.467102795052198,21.99827765661203,17.396265119743532,26.55106104548094,19.509514304654672,14.41173917248248
7.8635986854608255,25.685183483917726,11.047100403749448,13.414167266249603,26.98196039917352,24.673673286034578
7.079148865574199,15.330424377025864,25.351352570358365,10.609273726179202,17.667942821165177,8.82770991750375
6.31895075698891,47.60439727518039,18.33008863807758,14.08896744928546,13.365571770154256,9.089990939251672
6.709439764496811,33.0444851470703,26.443597736328467,16.808231122285193,26.728843849397393,47.33370224495775
6.907705740996588,23.609923805004897,27.00696002239791,20.211615149191196,20.978192632801434,60.10200748877487
7.614793103329003,27.08529764882277,14.23988109397316,22.302582810823996,13.783915847807098,67.39128087027973
7.42694576167228,28.993696539183755,23.14706964340257,28.212114344288434,24.407679971728914,43.98429822846111
6.890241814744615,34.82258466770345,19.445636083259636,20.197080191009153,20.22227276979001,12.887092635266988
8.46628812198245,31.595818252466916,27.6031347584297,20.025512892514588,22.086259644806397,7.39552418142515
7.514437048392217,46.93689498214786,14.314813583529082,11.004860196459642,19.21796676413164,56.899568007573045
6.593066979339986,30.88461235042155,23.556264006200884,10.698231053124477,26.574179676360128,40.512953345199946
6.254456181551009,49.70200456328588,22.155042445054452,21.023199238327443,26.591254313660997,43.27995147096039
6.38214784796083,44.35414839431364,15.906029551436657,18.76357226496689,24.187776436487724,54.702346212829646
6.6148943209612705,19.92339954557876,12.732018073023452,26.783607899605972,12.108027547929245,49.229405941271615
6.40170343314889,47.36261815646882,23.032795209545533,13.213591694236904,26.777077238081375,58.41207769992677
6.4664175601282645,16.421923119648092,24.771949162646614,10.499433242340992,23.420259610658196,3.9349733821914934
6.712737921734618,43.06308892266528,16.312546875267,18.980775358602518,23.94048332008599,52.32644457225534
6.433433988236887,26.463685152110045,22.896652080446277,14.74957113504515,17.25965680807743,59.55969301254668
8.241913561566063,45.36302417691264,17.902618152230065,10.992287466776748,27.585591123140134,20.029452972082005
6.200584364154105,44.986154224083116,24.264137665652356,24.49196573695258,24.50743200469715,44.8313091795277
7.311278473925636,42.6251652044696,13.984305497881062,12.23185999914495,12.251809330583889,21.991344468588046
7.025992067474154,42.02115657966833,27.804300052723487,22.166390000155435,18.155560688123252,67.05797465377178
8.455946542271516,23.577807285725548,15.748191929311595,15.620995003337782,27.727607239202833,2.3396500704852627
6.280097255420131,15.074932755947582,17.355719755123058,13.46992100710044,10.94393403394758,40.58549906830685
6.994638997614354,27.313246793076136,11.161839041606996,17.595030458386347,29.22833239284099,11.655248293466055
8.423676083188422,18.59393156948733,12.230244246425528,26.028915524459073,23.583251366391256,49.855414362401106
8.16376781473495,38.40814137829355,20.317238054246562,17.841871538091453,22.627519552867533,12.312319839306346
8.0426801773732,25.15178960843585,15.35185353455943,25.015392984221116,15.411185129759827,16.47682833288503
6.64475706761235,49.07318763267676,26.70960451484389,12.509725935983013,14.97583577478354,34.60595677320307
6.427218968475165,36.356938939122614,10.293867773099077,25.45542839330158,28.841164389771908,64.03844649978147
7.671608049811077,43.25426141810571,17.58188097343872,14.738666498132973,15.965449084682454,14.820006050357959
8.323439972818964,17.03593756419024,16.746910935381855,23.547862597777456,25.510105934379986,10.096801478267247
7.391907232534825,44.75655032635966,10.38655261835202,21.315631096819928,17.862435964141582,53.12837822978214
7.42903172367475,47.06477323950899,12.487367980010205,28.582894344233747,12.78508141569408,35.04336726337517
6.699947734150711,30.508352915119563,18.272853498372704,17.74645035950628,10.214305953907179,63.824957866724
7.923732332979842,35.03761163453714,19.857291688948933,11.323303776688808,20.885146740305018,10.26301900118896
6.4676093713938085,41.06277243431383,18.085794945097383,10.383109711025059,29.515576370978653,45.21495251161275
6.809198091010609,18.643867835895676,20.61875356824188,26.53717121945506,17.382723876184087,16.301540230627054
7.0635910965410424,31.09751090561081,21.90263349811363,20.494712753228644,17.143846679860896,10.973230005614752
7.269025946711137,27.149195055347896,10.198476422556713,25.504881036698986,16.88183235698884,47.84005906100894
6.606024331037701,17.562211702165467,19.28190318907008,14.688512000230293,20.410876746097166,41.557923393611325
6.287092061848009,25.966308047078194,29.269984817751766,16.901674910264674,18.813297668485873,52.83792208536319
7.526550106104081,14.590547756648755,20.380645602590974,10.602077444226378,27.59829253454029,21.662380351232766
6.72157638310064,12.980852464080506,23.550845349179063,29.229846491482242,20.110415834469805,31.358015946753294
7.453095553556531,17.136318987883264,16.237277158337662,23.357358134016266,20.155156763771377,28.383017343129293
6.385906788185506,48.59837424038861,25.479827563055252,28.664101755186124,12.767431894411132,68.88626247765599
7.202850254637044,32.88212236401064,25.4584296375223,15.309928148581447,29.65479081820772,20.45742697175715
7.331473581378964,48.70124212382236,20.42592095308278,22.229272224513217,14.999457817376594,20.637206684273682
6.129558842056067,28.434919376545015,29.52027646558427,23.569999365852755,11.467281349192053,24.818374618002515
6.841510695484802,23.849013057239866,12.511004295253068,16.35099400515177,23.262924979504177,39.5215856903225
6.336036692347435,31.233390787929274,10.338953297791619,26.9621847003126,21.90732740313745,17.662592098462166
6.158437426181919,28.701444168050585,25.40316423514192,28.943229258004955,18.302913079854914,64.07029582654917
8.474900580974863,16.01525800194627,26.14311074729765,27.697102353920087,18.443844677613562,18.597989540638444
6.805884612436808,36.35139995822784,12.404144582411526,24.78133951878745,25.701278420928624,62.707101209213626
8.024686114636587,20.209450935364785,15.311656659172122,15.54929359449908,13.914252801992982,7.243254455260926
6.636601636909409,35.544342286117526,10.351047267332579,15.632320842112634,26.405066378897793,45.95938916797566
7.703756805559824,36.70764151112983,15.866172215611293,29.267206408920757,22.97494227790036,63.48898629067706
7.900569649724217,17.77694441888863,25.46283747837343,10.20568991871384,18.37939547559049,11.812460687876067
7.48909685151961,14.33128583020539,20.35921055425158,24.32099946484289,19.160572331677372,67.78288720694785
7.178940471375396,41.668940270600714,16.961911863365764,24.124923251105244,15.132944143721916,31.70183522908582
7.029602285368171,29.472416103234167,17.434785898126606,22.453790818995948,25.042286653939495,66.20005759087171
6.872170666357488,14.21022422920808,10.027072514309364,29.802176921737317,20.257494846105356,47.37740305410329
8.323822860619565,49.80492005245115,15.996010551304717,16.237588715274505,16.41709085499687,21.111080891148607
8.076548519469323,14.195661317861932,22.929174832758612,16.799437275864964,21.921002315219006,13.18117674419745
8.412567276666282,38.41133869662502,29.483888876327143,11.57878805893111,29.91468904102646,21.261453235756957
6.310743058713862,49.37979916000972,26.94121653967799,18.85596273087475,18.705245593131075,6.511218648387249
7.8271686880091105,21.088843960205175,10.471899292910582,15.220970524696963,28.413828015572392,10.070757644033083
8.345851142052595,17.405476010113453,27.97121209349679,16.867734043552886,16.900336798491324,7.32623082425368
6.453082665414151,16.6126276980523,25.66396826597252,26.691435805112555,11.094654138499717,29.606048061909043
6.166240668416943,23.524455607568633,25.607522471419607,28.709690270549913,14.084842127368578,55.69048633803105
7.852801623225147,15.839740818404575,19.15991518007143,13.714661440103713,18.373902866553685,9.896848795143814
7.43618278294978,38.302130984377015,17.960105859090056,17.450178631069317,14.39269857189138,9.122430322063511
8.10457194189568,14.367088328942383,16.058314576663854,28.572611242307882,10.00454076436511,45.040026466213156
6.349430941565724,31.358040869692008,11.313897179087316,11.236169213784454,28.300030754950544,13.80280873776464
7.9881682796497255,49.874480446413116,14.564707269873981,11.84721056222757,26.87758822461858,6.8327026676294125
6.5040683001193615,42.93087024122872,14.932072699560493,13.255819784124586,24.84584462973894,11.679400474390434
6.409139857164261,35.37833865277841,19.681541394204032,21.904256682537493,13.356291912920572,64.66119771137433
6.410664494827483,23.63763758989124,24.948888131933877,13.009445420119949,12.407271524199722,57.502987694333356
8.036436800578455,35.708041779082265,19.476196567958933,29.36152762901467,11.352094989447663,24.784519364856585
7.6629930517405,32.027575628642765,11.156888988943212,18.934290545170406,24.480583775458424,45.907453712917494
7.307663561922798,28.191168587834117,29.15579601976408,20.03035920700333,28.576159213757705,37.609297156762665
6.897076210308756,16.96699431612758,28.854486381882246,14.93317231610813,18.61071641826074,47.39869844377947
8.19300135203277,45.69096017913773,25.70379086296817,19.41920504869467,12.382813439920962,47.786980672393156
6.981112768556589,29.091816655210256,29.82655803128441,23.23827265274023,20.24785641464213,44.011381054199504
8.041498598678942,19.39565544918907,20.889646656005258,25.023542739080856,16.9766381491726,18.627095797611602
7.097837271425546,25.974855333337004,29.255367005064123,25.07736165419826,17.496498486999954,2.730449453397269
6.942361073562269,27.736930596099228,11.512100812335015,21.557822253881767,22.426612483114145,31.889674739307615
7.156699464174016,43.44644003154122,17.313614965227426,28.087195499877144,24.374362265244045,62.36817192834927
6.753444685410355,39.877346461333275,14.507625360135316,26.348156946122188,12.212071977463218,39.864808096300315
7.869023450440627,41.23358595837091,13.916661682685401,25.140962293972507,10.711804616129527,58.26737291913356
7.256800975231198,12.419188048288595,12.816058977853523,11.112110433609212,29.886606053714296,69.41370400728597
6.580531737867044,27.813851930830936,22.448272831319933,10.137559244392985,14.654566978311037,11.453134289679339
8.24893643318642,30.291077762142297,25.6264371149461,14.248945543909459,11.076610498169181,48.42443473993876
6.959728053433029,12.729306519276154,21.565967988407213,23.270471878269046,13.7975065819184,47.20055015900172
7.358882152784972,21.8729019323113,12.939254191764194,18.223949777650915,10.779156926969284,68.59688131507949
8.266180277411367,40.891013278641125,26.222475398669417,18.048125185986237,17.836217892343434,68.99205137669603
7.56059498978498,17.210168817701962,22.719094143274567,27.691737764592276,26.048035689026484,48.067502820689064
6.29224510177091,32.34178499519848,17.76331412253991,27.911256962636774,16.82488899515441,17.0530354387536
8.349580309033687,20.177671136655025,23.48260591072126,28.183505281071714,18.88366813756733,55.89890866914193
7.569270132678545,12.460589436467945,15.198099584856656,16.277561530300545,23.511735471348775,7.492039394772667
6.837264036642715,21.165655388782575,16.90384416988421,23.821116254785235,20.177881401397606,54.64895129201401
6.348180181658468,49.08320268658204,28.349716862639806,15.432663625487393,27.228913720426483,63.71372869012875
7.98506297317574,42.4584102515536,15.810090113428409,13.812196661488995,27.32071350091513,26.798337633790467
7.550181889821284,48.46391248419927,19.399765363158732,13.692649146947385,10.198213909823073,44.144470648815634
7.333652729940804,30.538453669201772,27.802822747920292,16.84215241727188,25.560926129663983,30.10999124677784
8.234731457627394,16.169975549745132,24.15442700535055,18.599152395596434,19.214672004833478,30.643553849168992
7.971493028061326,32.82246058100033,11.244064523294055,26.61898342110137,29.776810826073262,21.725962237568403
6.379187199331878,29.266338713278515,12.946060885579406,12.397821869454242,19.664641517508702,53.349073431522726
6.779305169488871,44.085569144105406,10.156831815438336,24.698516947897886,29.737918907765952,65.53235949165537
6.6212228495361645,15.727138069801295,22.618435804583267,20.629098283786107,25.091387224114733,65.85256014641227
7.859865731431692,30.55316320682757,18.953468508208367,15.75890685351985,14.972097692266127,12.234689941245367
6.0838310868394485,17.701849258371404,12.68549701804551,19.856391690656494,20.76789958573915,61.23205547595962
7.424724212178291,24.337685221822277,29.15868242113541,15.998841395540452,29.842712789571657,51.62020089989855
7.906146714351726,40.01956894073639,20.593194478912398,21.921639104766122,27.150612155038473,17.69861804832025
8.191914091904373,30.08868891601313,14.837865882257784,18.676878457104884,11.947337875824422,4.709922904506019
6.855204371789768,26.283754835539234,20.01207142309415,13.288110581577575,24.12743993619992,18.759808681906456
8.053143261680033,26.990098585661343,23.592406654702156,12.331661491113934,16.91159171741626,63.8545765747068
6.276579342388018,29.458977199427494,11.52478435947129,20.9339136414426,10.139645237606963,44.32250724270406
8.116130729336295,41.83062866580816,15.49407630095784,28.04826066572207,18.06961938053999,50.47382626285103
6.318721655829956,45.899218179728905,26.139309817679873,16.87915373115371,14.695088434499425,18.00066457763671
6.993218226400918,48.30271808714927,19.193297408053226,24.660002144452463,26.37738541040943,50.35717089023742
7.993238414448884,41.90232867770121,20.931542840645896,23.173227098795337,16.74661217691531,1.968505439454663
6.374793568371935,23.985462038424483,18.656320044189385,28.63109828618962,26.550473879076343,26.272494204110966
6.573128488081604,38.149118831288604,10.877998852860102,26.419620345982818,10.011958776695906,43.872734397963185
7.805631420982666,28.62891871410489,13.314995596403119,21.33210517810926,16.156383000522382,10.226759587892415
7.800091341365186,21.677483637749944,18.910832774837818,23.140609964682145,14.823304286155238,57.61025021128543
7.602869082213243,43.95312001818506,14.183709308158557,27.967729331680697,14.67134722137222,16.452190916834304
7.734871111167751,13.46020126056835,10.999580573193574,17.990375691738695,11.363732395309254,45.65967789729124
7.356811108368991,46.266955701146095,26.872993281036475,16.535894117155546,13.742485408210035,28.36379998027308
6.629497647267382,29.5361436557399,29.623850583282316,10.216221672703927,21.110991397712397,41.7230516834353
6.8642399837597985,36.21365611871465,25.86285747993479,26.531021483829285,15.82722145675489,7.521538684023569
6.453994292003564,37.05544904381974,27.07569843409334,26.019614008067297,18.34789564658296,1.1838959945125127
8.27112640333407,46.014474146848386,14.839542606340908,12.089090362003027,17.537337606943773,63.66950991662108
7.4584794869153015,36.19344792235388,29.212539510263994,21.537147622654004,27.51809849999789,18.874100613702794
7.0021285419091,35.32947622088235,13.938514089068567,19.279633963337748,28.10597998021031,57.377390194632135
7.155014509110332,14.532777541306219,29.028596207236646,12.37418191018223,19.8591394331172,69.95452103305401
8.368208349029539,31.699504833917754,29.89638587931902,29.61136454121447,16.603119006312088,14.800188059923782
6.3833785077902006,17.706422031047584,24.234456114920974,14.29391774926711,12.136014080047273,18.56195188283489
7.465574580041993,40.02248321141646,29.62287463583644,11.344683601811223,29.0680575876419,46.4001851344266
7.264721697211165,31.46443299088163,21.390795591342073,21.89694759003819,11.20453889800595,67.58140442204349
7.52863558858662,37.84865560991743,15.190835663521806,24.777333542660653,15.953005551365608,64.10700437335207
6.045275459552101,13.583570222890602,18.739917713312416,10.64886892094374,15.961324023400083,35.201286404590945
8.180309772360378,15.222096609740522,21.87121870757572,23.174352774540445,16.408025722804297,55.65771977687073
8.33029570620903,39.220288746381925,11.4616312405403,20.645837519029087,13.285736865448186,9.502209716993073
7.412832958973023,14.739204767949587,22.446865292344924,12.06530017750097,25.663228618473944,68.42067289428086
7.741627059692231,14.707755655079826,29.62355673524589,13.450477538927242,12.449957239319785,67.50472638251905
8.30624845294324,12.460122058925723,13.802152995674552,21.359485946321612,22.698133183063256,11.461027051541969
7.768096585783496,48.34705313538024,25.851902325767668,15.927152270265768,12.47692053411635,20.959618736217465
6.381347607285654,40.025317659442265,28.15797587559239,28.76631457302632,11.410712751859132,7.010849825473685
7.440720900417033,25.42355352307844,28.874031856404414,26.374804589681016,28.18859007371753,19.02023192287258
7.51678761595714,23.268352088930897,29.202712088108946,29.671344130273262,13.802575326374114,57.11690525906447
7.060326678255965,25.288722730342283,20.42919277442944,15.19341677900828,26.425003091194085,26.482092501568165
7.841110589061807,41.436834184884916,29.546158159830075,29.39447265595954,20.892617422142717,6.187787700273086
8.335917536922537,37.132083220675746,25.146204142688777,18.624677395831156,11.557130392175392,23.95578673452332
8.313921282266941,19.037431578963783,13.233428724739237,16.95037590627509,29.10896382876135,68.6968333968896
7.1270984285103305,18.616154742695205,19.5380021293594,11.006990539387065,14.93922333983785,44.077851668144206
6.283095114601888,15.739034689109097,24.36662350744008,11.055305157192052,27.19290690705213,29.131266248431043
8.462102997405836,37.091503348650846,14.946806316381666,23.840225118933095,13.376200115691283,11.6576959448089
8.097245216114835,41.04616116442597,22.812303670977748,19.158579888680556,27.078857642837058,69.03237580985864
6.311656703008167,22.07176427635015,23.332009580932386,14.530432520722114,10.26457625810588,57.459430648419016
8.302104706543432,12.795908519174686,13.253994876171317,22.279406126504654,20.235609131389616,19.70341117156436
8.174740905155321,15.12252336410424,21.301706249055126,15.057162365002224,25.388851588431137,4.904808700483262
7.297095142815181,48.778681324111155,25.43253821957215,21.55263508688845,28.695910349855666,3.9637890164290623
7.478188589362324,23.22690154414197,19.97791329071884,17.184174939653808,28.18404272412974,8.426470465387368
6.997506759675326,41.23047961784908,10.24206233552215,26.47104453223638,26.392497390952897,40.653800853009514
6.136904097055078,35.737215616462024,10.180769381585844,26.413923215335586,27.763826993226083,65.01343948438446
6.837993104114752,26.513706306810043,17.140586879400246,19.547007962448028,13.984393716741529,34.772039960418915
8.00713362149503,19.816115963431095,28.52388136863564,17.016382186700312,15.683685914234575,59.0061837719338
6.011580057511507,16.612683890057443,14.573535592072176,17.25119593118189,15.77937049842117,31.212063390186547
6.833747929227861,35.37049278547693,22.687273777433745,26.11429051336436,17.54107862003398,49.600848203747766
6.995421733977358,41.436083664235944,14.44151741386641,16.563589655952242,17.866413407703774,51.23109161005506
7.343489007344807,36.46836163456297,16.433399793190972,14.18118747413692,20.89110649309351,12.177459413233706
8.299639041031902,32.15148106346801,26.96084179202968,11.693766837506136,13.197595267328827,25.285124128306823
6.865864985914903,13.594146490402178,24.57722884539894,19.333862417688167,23.824933275719786,44.61115095766167
6.867383004740569,48.80257354858659,11.907985546264213,19.64264197839684,13.35133078609013,4.948762572905633
7.843753120274371,42.35113928287383,18.57404041972867,26.818174208058142,16.20616964209095,25.30781314340696
7.130544852224518,23.12723739463666,10.583395272905289,14.42477392892128,20.06690261212308,37.435962639683474
6.561512057349955,49.238872515636324,19.61780293206018,17.619825473367996,25.928811230469545,69.7357145131247
7.131098790331734,34.87150040618024,23.24868023402136,26.168114777873818,24.789384664774545,33.21734938357085
6.3521425509495,34.132061011875365,12.370052471963032,26.47247221497947,22.910687128210444,57.12397299800265
6.440967466265558,40.42678081832222,15.777698778183314,17.692221519575362,13.115465211603404,30.244709954663243
7.2459194318487,42.84725194742523,17.95673251004314,19.18248046573362,20.940906912311554,55.74735058337962
7.04731362376137,36.946187078597106,28.390620493120995,16.06571781698566,11.74893003599771,41.67903611340759
8.28711475267025,16.867638361915603,29.86510030845928,28.65109756838624,17.547263535933016,62.06168090516788
6.905984747791583,24.85416522779094,10.898225979912317,12.372875314831607,18.27033060579918,28.765978664507692
7.451470875695109,47.26717833238989,25.22015846990784,28.6749884600294,10.796228788915077,42.30130938750352
7.580660719798826,20.535393250066374,17.434481328046864,23.677329036706865,15.479761989399437,44.10130764331792
6.032736141470834,26.142346905825505,17.8491637245896,20.631443053734625,29.112989345329787,29.216805926033132
7.6588434300417765,28.418921551879446,25.085299466940455,10.653181215689917,29.07265215659379,10.101843058123706
6.4450899171743785,28.697389608389184,28.368528642908174,19.511923836440168,17.046541085050784,6.549158483863488
8.402675793673637,35.29170413479197,29.018571890050968,18.154962100054647,10.862002178966481,1.167008541974317
6.371656819382783,47.836881834298886,21.542451720766415,13.224376239502451,13.581898786563631,61.14739849716502
7.03656030931756,21.14632304963519,17.142423186010056,23.12819207001314,17.844355868670803,16.55324385670862
6.21337417019661,16.61705229943489,25.750981717175584,29.423018147365717,28.955593959384597,14.805472449723764
8.492185629614868,19.503878614677618,15.020027665246005,21.243776221290503,12.823981270743698,51.52247802982458
7.255487525828107,45.703146207952244,21.281480576670354,24.295065528878915,25.270316873364244,22.401127916117424
7.488462543300109,36.54081088089783,17.17156923049746,11.369009051320337,12.173650787493841,35.42312846882856
6.167691193471069,22.864457991088084,23.132621474157524,18.353339916339895,29.62515154782554,11.37577457082194
7.874901175997945,43.00598368080746,14.807978257870138,12.327169703289918,17.6323299821827,67.18220050233785
6.524763982738964,44.73205986181057,13.831858914696515,22.255916710730208,25.50469077798112,59.610698001206615
8.245135723601784,44.167544870230564,28.364781733508742,28.769643164283092,16.851821656222636,60.46527360755023
6.512849101205018,46.91920827830307,12.036073658990738,23.23555464943277,22.553377543176175,28.474162400040363
6.476719301659166,21.58515876658774,20.11915815469863,11.536060966288431,13.840321694800735,53.3652849595021
6.091374169620237,40.691593292358576,14.417055659260178,17.093324099701658,12.92042038593925,10.07133087728461
7.1801673627749985,29.50050089641732,10.77859926651335,21.01326758881703,28.761282791362625,0.6033301814246195
7.412102833156541,43.995945009822336,10.720376365828528,18.064155122665042,28.35294555808867,1.3981052804619687
6.164271598570881,39.6826457321413,13.504435442116547,26.672880209503447,27.749378804257645,41.06212161831923
7.938819041737526,41.50500296698954,27.335407090120004,26.293420094199785,22.508669003331867,31.877643367355855
7.133222086870069,36.93414983188072,15.649574879540534,22.23662040206443,26.165364224325565,36.261074423596384
7.31097567331895,18.742293239848863,29.009183411505916,17.469158902654105,11.380738738227498,0.5224198292053583
7.10190686734557,32.71102291808366,21.63244585978387,15.106727475264883,16.695780837813583,29.5880633760198
7.001907652188315,49.41745010193131,18.732283795375324,12.117486364262586,16.274062495143124,50.26477128406026
7.399100828270544,47.62074652689052,21.60177669338909,17.09795366973108,22.712906439052265,30.98855913772051
6.388100614826781,13.640601960286443,20.333967704525357,18.263450344154393,17.11915546941281,51.255344441855556
6.454820326238178,18.26296299771861,25.175525075146503,23.51645850208147,12.970135632873616,16.311327507778437
8.154464052533793,17.005693391273354,15.649921319457045,23.16319648595147,21.929341508270873,56.91994031372078
8.365288655334082,39.587236579441225,17.061007832006048,11.40216279282514,26.28767841338163,41.19018683174166
6.933273290699383,43.07584253456391,27.881886050665013,17.905186308623158,17.642469889199464,14.753416960093436
6.676861682858885,20.113431919805535,28.92913026300811,13.635577344347238,12.645374301969634,16.570433309768305
7.609998858097539,31.2224023321695,27.85116454972949,13.136254106336114,13.93376394625646,43.962132519867595
7.021835427745241,43.946715064425604,18.38895987914627,26.54604299474492,14.74966610338768,58.09577152487103
6.063465889150862,39.84645870111753,25.607310060137635,10.838304334325152,15.997951859890724,29.09394474204086
6.390381493415476,32.60501380869023,19.526714666021974,18.383657518042426,22.855901410126183,18.081030038931456
7.789930572118494,34.43321223743337,19.950797042922044,13.364073115330363,22.01890969075438,60.69081248374203
7.647309854775378,31.31770078281864,14.093602181145679,27.58660431356948,23.921597231340783,46.84878042255844
6.0677399812587085,23.306841150115183,21.82260606517033,21.140810265500704,17.250039690630263,31.365984109815354
6.5549304048323735,33.47083572864261,13.722717955066958,14.62761272753696,26.479953037599564,34.15301366955113
6.577686991470179,38.17764147790345,16.631293981343873,20.04854574332753,14.081753223115205,14.297952755547747
7.679731858996821,45.186270802710695,27.100604032398703,24.629727194062315,19.380814950363078,43.87618410453908
6.049276344385911,36.17907145121143,14.141516184217105,29.162360178388674,26.018774430828607,25.111975738002204
6.260271454961434,40.92261840764,11.423165703468657,14.40892008490838,13.603172954652385,69.69516236720445
7.9997902134329735,18.082722128273772,11.380151852256326,27.723635442586904,12.197262274815659,33.612846068332146
6.446361655135834,29.539184027952015,28.815690410062157,28.686082283349805,27.673679353759795,34.01199243327292
7.631865269629687,12.354601553429545,20.138408759236693,28.328410890641326,16.85859325518392,39.60962511874703
6.595456952616816,21.373796851821673,18.188241436340366,22.708287137238194,23.67740249818064,64.17292021831227
6.248603481898363,39.605545174294186,26.217571620158367,22.596413088694156,10.50697208527877,56.05726699018252
6.607930477498635,49.68877815127581,26.71651855821032,18.064212663676457,23.800937768188994,31.5791048858489
7.805667329639148,15.768767784314203,16.64382066231209,25.04795764607576,16.32202623093941,50.30894861809572
8.139241170265715,27.256784002728953,23.872361149475907,20.625880367018638,11.114817071748835,41.036484914653315
8.07554966141748,42.40269681056806,25.42245631703773,23.54876142456589,22.19625523096234,34.46569340908742
6.992958824046137,19.753354115898155,23.09301373731909,18.56915807697591,14.816076321463465,13.462104094904536
7.670212841426615,33.09322807348688,13.031901496001987,24.629929280862783,17.7361448410376,32.47553844184237
6.512460738539552,39.85670924912765,27.51766167034114,26.48943035209098,11.611616245730271,17.207301091580224
6.732869325652533,35.4074471098868,20.781891054720173,12.928725132056321,12.943265021898906,64.03895048961583
8.2408395463028,19.144939915385812,15.649448527400073,26.65859431148456,15.959544709916875,23.478476944744287
6.0325048087768405,25.504613610058097,18.504563708753878,20.805930635806146,11.795190011203143,66.65848101733606
6.21377132713617,41.784087810445094,10.751421807978147,26.893318181804485,28.216525293726306,37.31387030662978
6.519715637865068,33.06060753701664,12.55733602444835,18.626034126820294,10.120940863679568,44.20810650733122
6.0663305096845495,12.198725314630684,25.310935010317216,17.5808097076607,19.67720437728623,38.00583111425294
6.453588587724493,40.917648881067564,10.000232695107323,28.30121465034445,12.46494916265103,9.056643187669062
7.45760390242423,13.341831487729085,18.331316569645843,15.023385350968026,16.15358178955897,26.307485330555867
7.053561376481245,40.33788374378682,20.45020362171177,26.884246505722864,28.521191196365308,6.9402278594336755
8.231679277692438,19.694261286279023,11.092688400019446,19.680411450188082,13.233891065479737,43.60678309283672
8.043608904346103,48.40679224453645,29.461563259446656,20.281908851025193,29.316646394366654,31.281193664030724
6.85454337924469,25.98174854947921,14.522506624993438,16.16936562978968,14.115887539788435,54.458948009965574
6.6485585835782315,24.423401420847007,16.083974392725615,21.460844012380313,24.83132216933659,15.432933669955888
6.949231020418168,17.657745912632898,16.078850245100547,16.504223925524226,20.933545297946235,11.519624090053444
7.475737356287019,23.612960188628165,14.608333242346998,10.785388284833047,27.689574551935184,28.443256167463748
6.670159102057191,45.31272894947162,10.029476441726228,15.43997210688712,21.07986511006262,64.86097682528668
7.560372269622835,49.8607048298354,24.58689588175993,10.127580868131814,20.691184383126174,49.729527050868825
7.023529130478101,25.995762159260238,29.336909995985707,29.567095741137134,13.909160007367998,29.324653735504306
7.38011795212995,29.047203976272616,14.485869665700902,29.31494419639495,13.324587241033175,36.20905188280174
7.090316322838292,39.43869565170401,23.26094383606845,17.9031059494461,28.329783022310284,5.894910782396884
6.736164398854794,45.67543965767283,24.8379265391743,24.567417086792922,16.55676397700068,68.92031274632792
8.37113326740539,34.5356846990978,26.968507581810496,16.9161219682085,17.44164509925792,46.648511328644325
7.9090144853994016,26.877976530757515,18.452583940272184,23.42186314171952,25.196473168567767,19.978284792439574
6.3502829394161315,27.6796299522477,16.058618112808585,26.10860086091958,16.776469648456146,41.0065875950671
8.171169939744782,38.43348956687866,16.505902680460622,28.935124893844815,29.041248932780054,7.663765624829578
7.218577995623784,12.12229401696259,24.252426661970254,18.00424551699344,24.758555379976006,67.60856681653085
8.236380567235228,35.54439482347395,26.33558933011272,25.665959659120954,21.9485848514684,12.234949151835616
7.9996381398682885,25.50873439677158,13.632279355132052,15.318569012642376,27.61790321089505,45.36212226386499
7.063033761173084,42.1794985885292,17.418820163155303,29.806646075872965,10.992118166989655,17.18181237772513
6.0561732708002936,15.533644313279023,28.038803934983,10.515391975287024,15.141253843784174,50.2292967853975
6.671693398462365,34.35168614403884,26.133870393894785,22.070576130022417,19.3007266844182,54.37749570681967
7.354085536652168,30.276969815672704,29.697168055249517,23.19011963302654,14.539570789430421,47.13938102380028
7.583695549565368,36.40836998439864,25.084965193641615,23.760911141482577,24.87810374604304,43.01496221786348
6.644719213583006,14.464436590352797,17.863904020558444,12.40775157578178,28.384160621074503,62.472836576640816
6.34839018518206,34.03938392226899,21.812756679892757,28.770595669462608,18.475402398618467,5.503869769283063
8.087325591998248,33.3364143424619,23.220285084946404,13.623665581001656,16.842652002237898,23.164033604613664
8.46100545175888,33.305083587814494,11.56911632634248,22.45506806479682,29.231014642751326,17.380123574159217
7.314225455756715,34.932531330665284,20.889939182077303,14.453521582461699,18.897048656550815,69.1609773445795
6.429198214620759,37.70578161460176,24.18641656945219,16.144328340425417,19.780968008985663,27.257284576681144
6.680768316298423,42.58958198786925,13.346426080021207,20.929170834562488,17.03299744683811,51.28288894682791
6.045976691368667,22.253187364872147,25.612634348511143,18.343868371291528,28.19096946024277,47.93076147167032
8.285747016401247,43.35187758684236,21.675455610282235,13.204512019530126,21.379109665637017,14.84568662341644
6.294377707225353,30.93371592601124,29.04443571395189,13.418728048416966,25.243491743632894,16.72983761480859
7.441291188785634,14.928214607104584,10.848445964137834,18.36289576325599,26.236134367017726,19.689919448712388
6.685138051718015,14.22493531127121,15.30652275110934,25.145659565510016,16.836980838345163,28.778909478156546
7.385445006289483,24.70105611045031,22.03107758599648,27.95929293695577,18.6738866264076,16.402754595536877
7.628550970879661,41.82608513023577,15.931198244118614,11.682553245187657,26.969435488125292,1.3756037922793463
8.074354509268005,38.8918755201548,24.288483281424845,17.862078151188022,17.265107033516205,61.557513976503685
6.516053179401508,41.96736865755145,25.18010565043862,12.004911274457532,25.878702669037025,67.59268819666188
6.027489571646202,31.656224144781156,12.05031928132949,10.331849612651958,28.819846451488743,23.909927092209756
6.342214075172018,28.72756192230864,20.277089284135354,23.234373652879132,22.46420746136014,23.6954815597831
8.250046604620263,17.60319601483879,20.177811111821118,22.048988839331756,24.832545749037777,0.4964268942059691
8.184725193906289,24.471324637153838,17.38561540431082,13.260382276297724,26.1019462408227,47.61754818312618
7.493532755425771,28.49273591460726,28.65849725139344,14.676256661861283,26.900792977932852,57.780792702404014
7.501292151084133,15.366816327825454,26.550126397464425,10.474155072890367,17.90106675713592,10.262581025200221
7.662591686365639,20.383254203026027,23.944187638192737,26.698944113888075,11.025269183519963,11.176644455700552
6.438428196558624,34.732561174422074,24.286532714699952,29.49381192097103,18.03752542473479,55.305827498000646
8.286029864812399,39.955198341089215,19.234322876262382,12.709190735893817,23.475124595681795,43.14035238479013
7.046926312230183,49.93720543293209,28.419890421931516,14.629504275305962,19.007007715615856,3.140239033940191
6.9578463206237435,47.45830659105519,23.891908545065707,27.36819047893868,24.97926301720797,43.57828933235972
7.297294263207094,36.41747758233728,24.579621233116328,28.529275959123698,17.139648589373277,21.624240599063626
6.117414916937638,28.007426025174738,27.233818075746903,18.39254765613621,22.69488282208059,25.810760882959215
6.415708421890199,36.174739858912844,15.481431786843821,11.012449445381483,13.728396097079491,53.881199280781615
7.845084041065926,41.85476148704882,26.14141807733406,10.787836673856388,24.987388732899138,56.76546348708274
6.206996669812816,16.496775255088718,13.90481205912984,21.47899732138021,20.913919376260516,28.024963878788146
7.50788027366597,27.57638580845895,16.906839044897758,17.85790217786358,14.081287770932011,66.30070552044484
6.613372774203302,43.91248685415346,16.712209085396854,10.57304855155309,15.838223469956144,28.452390256645057
6.973239035104942,26.58565217345567,29.57050936778281,21.665047846251134,24.972174171636645,54.028522466107695
6.72173434192675,33.73114630663309,27.130744474958536,10.22605073178045,19.652024713230414,33.87140851949813
6.889181791162373,34.335235712763534,24.023397231805195,25.747439162985458,14.320628807861445,62.827262856545886
7.797614762960613,19.010097619078294,24.541135232307802,16.128656454067432,29.345423807405954,63.5432870555125
6.742804289057938,25.764946782786957,21.24145588805142,10.805160060184642,24.30250039633776,6.11917655097587
7.416011600742243,24.71142897219342,28.94181334217038,21.767044419663065,29.142696650795923,65.5545331917158
7.190126005497749,12.995474924218462,19.92517505764723,17.953688288661095,18.542100907206866,57.787438906429095
7.65917791340662,12.9192870278715,17.61035419739789,29.47600826714299,19.50200681383441,55.39175000188668
8.342074348311895,43.60448765967939,13.26070673863182,20.883973250074042,27.959104323700384,14.063793777986572
7.8314302430256255,22.37669077896687,25.72411304522116,15.504783620740167,20.500986804907694,56.35834461282654
6.5373509464768915,31.686993117074987,24.688878641511828,24.188777292679497,24.145578238113345,59.509291427952576
6.077957837653211,23.351571796373378,17.687100770482697,15.429840050854226,15.043457549910599,20.240523411790566
6.6556601107495625,47.74581131438294,10.503868279184587,28.0848658281513,18.93452937405281,66.65820548536266
7.487694826750637,21.853276836899404,26.779946554360215,17.49443941014753,12.468997316207101,3.490210247941498
6.128564533710626,28.326958884079534,10.228359669081472,20.997371255524104,14.119600717539234,10.493647727299777
7.240915618003091,45.16374951841487,24.07399559258102,11.011462076484577,10.018868305352623,37.630679663606
7.492107122292223,43.99347553808873,29.40514219452114,18.522424759044615,10.785301032973205,40.30547297856168
6.835609727042402,19.07185387815854,18.75322656296407,26.6472707932199,29.545676463538587,45.16050583106324
7.927280509364555,42.500445772237,14.699468099919056,26.11297610726684,14.847073902735247,1.187839052082652
6.266495632834429,29.41110169603992,24.097420200867635,14.486371177070525,23.26621419008004,67.22567422354912
6.187844454339522,30.3528171392435,26.342562840311704,14.521581420211254,26.78199397599223,3.1211664913900794
7.820471890509008,17.072238951805865,20.92860632155695,26.346106244264735,21.013209184731284,10.014336690638167
7.238728290515496,15.062857522770738,29.340705505122923,28.60796840338651,13.062890001679124,0.9810162268239886
7.72100599106934,39.66169366500308,11.033374433159223,11.907218425460071,24.562328746723328,39.68009033058663
7.087068346509366,30.865523789501392,20.09591196609056,19.001172788524507,22.00502820199166,65.25868187446805
6.616005083097767,28.600326699376822,24.369078946451,16.74908557928458,24.625011786947503,46.616301625632495
8.047755794185498,39.72131268879107,27.252809422983578,27.413769109148788,25.394932457141742,57.58602279362991
7.998539697422448,41.08949016166217,13.585112238155801,11.670498293600374,29.508207353694903,0.9296842421006057
7.736741177136067,18.038510371435436,26.00006963527363,14.222518851160748,21.4712656005342,37.94107089358082
6.6803628430749065,35.18855568015037,21.054141514370905,25.049366751729885,16.832822253812036,32.169408425386536
7.475576667172717,17.14345512655205,17.931073639799266,11.02587697962431,22.969291138004742,34.927756095455514
6.902434742350067,40.55225326910374,12.634300571581871,19.850707614285785,11.368814184852523,5.054922973463157
6.228955183316585,36.9642959381513,27.30591517817825,18.842140693594402,27.947946366431726,47.91047527485152
8.293283938655607,48.351355601171406,13.145464163594307,16.688023579774974,12.387620226763936,35.22542904010441
6.3420465772974035,14.620404621544004,16.195757184181986,17.891446306378477,16.556856757716364,53.56041949028848
8.375593384552007,14.168079403747665,15.800910639248738,20.59881173860466,26.31490761252242,33.97034438432007
